tf,blp1,blp2
9.027732222798608,11.34375,17.337689748048426
7.961816653932345,7.9375,9.641697538325285
8.864800815512378,8.5625,10.20558542203988
10.032099682062308,10.8125,15.327793160695848
8.470159838536865,8.5625,10.20558542203988
9.094148168618219,8.5,10.428989641499738
10.80945456693801,13.03125,4.897189105083646
7.3412700960347195,9.375,10.414761337427892
8.791265036302093,8.5,10.428989641499738
9.517535446280377,11.4375,10.579871473376356
9.835609089937737,11.34375,10.803275692836216
8.261454180177331,8.5625,10.20558542203988
10.131393577368328,9.78125,9.839858933350017
9.202149520831748,7.96875,17.655745199405843
9.625402955334016,10.875,4.622999962796491
9.86922147847937,10.875,4.622999962796491
8.197120853893743,4.34375,6.372892233720105
9.400652193454754,11.4375,10.579871473376356
9.800791452314328,10.78125,4.84640418225635
10.682608518830154,13.0625,9.745207701452461
8.2052721843727,8.5625,10.20558542203988
9.518692250737017,10.875,4.622999962796491
7.328966715361051,5.5625,5.948864539719593
9.619594821775838,10.8125,15.327793160695848
9.407049334021263,11.4375,10.579871473376356
9.617922314873393,10.875,4.622999962796491
9.301107041629805,6.625,10.289129451785657
9.479938422212118,10.8125,15.327793160695848
8.969352941304793,8.5625,10.20558542203988
10.662948499072595,13.0625,9.745207701452461
9.196479961726073,8.5,10.428989641499738
9.712738840453447,10.78125,4.84640418225635
9.84092415627818,11.34375,17.337689748048426
8.78055389721458,11.34375,17.337689748048426
9.187107950232246,8.0625,17.43234097994598
9.719513061421546,10.875,4.622999962796491
9.935831288985282,10.875,4.622999962796491
9.815225499547912,10.8125,15.327793160695848
9.153084018333441,10.875,4.622999962796491
9.902366470058741,10.875,4.622999962796491
9.547909795102907,10.8125,15.327793160695848
9.143162043489294,8.5625,10.20558542203988
9.649480411402575,10.78125,4.84640418225635
9.42341972620376,11.4375,10.579871473376356
10.37051750734518,8.3125,2.6070164133130493
9.644321775858376,11.4375,10.579871473376356
10.007178263596884,13.0625,9.745207701452461
9.437309978814369,8.5625,10.20558542203988
9.402886883816413,10.875,4.622999962796491
9.477465921864539,10.875,4.622999962796491
8.343299460585111,8.96875,9.226380651100154
9.699428692752532,11.4375,10.579871473376356
8.60171681051348,8.96875,13.984768255592323
9.86602454476959,12.9375,16.84293748227412
9.398301175631907,8.5625,10.20558542203988
7.321334600254751,6.5,8.227948061447966
10.762997864096812,12.9375,5.120593324543506
6.629512973789265,6.90625,8.897004188997197
9.963519191355395,10.8125,15.327793160695848
8.73322856023631,8.5625,10.20558542203988
8.577305130659564,9.6875,16.937588714171675
9.481328324125801,8.5,10.428989641499738
11.206556422347786,13.75,6.073983112942961
7.4706937655158505,8.8125,4.293623500693535
10.195332842804126,13.0,5.237100611233238
9.54549716254168,8.5625,10.20558542203988
9.720640186200601,5.8125,16.14060087782757
10.120436262218137,10.875,4.622999962796491
9.641466441978533,10.78125,4.84640418225635
8.643330566948247,7.875,9.525190251635554
8.943565252456974,8.5625,10.20558542203988
8.694087828310263,8.5625,10.20558542203988
9.749993272045707,10.78125,4.84640418225635
10.466360124610926,12.9375,5.120593324543506
8.550257427859133,8.5625,10.20558542203988
10.44365202468914,10.0,9.631162494278648
9.510616277973808,13.03125,10.085119207602052
9.09231350734976,8.5625,10.20558542203988
8.686141226755286,8.5625,10.20558542203988
10.92319338426045,13.0625,9.745207701452461
9.900495745855196,11.34375,10.803275692836216
6.597756904216223,8.28125,12.02455689090372
8.849774973716615,8.5625,10.20558542203988
9.447307550248603,8.5,10.428989641499738
8.900999066285937,10.875,4.622999962796491
10.029407913435893,11.4375,10.579871473376356
10.907564183060348,10.0,9.631162494278648
10.402333522187554,13.03125,4.897189105083646
8.888116334629895,7.21875,4.216811966788876
8.502633958420143,8.5625,10.20558542203988
9.747434213922205,8.5,10.428989641499738
10.146308330933165,10.875,4.622999962796491
10.088991196169099,10.78125,4.84640418225635
9.195991414233589,11.4375,10.579871473376356
9.242616837220098,8.5625,10.20558542203988
9.437916289635943,8.5625,10.20558542203988
9.910905177431692,10.875,4.622999962796491
10.616869021055672,10.0,9.631162494278648
9.63254114246023,10.875,4.622999962796491
6.811146236284399,6.5,9.876208959936925
9.64453262315358,10.875,4.622999962796491
8.469348617113555,8.5625,10.20558542203988
9.510548910104744,13.03125,10.085119207602052
9.189862181754084,8.5625,10.20558542203988
9.075878554292744,8.5625,10.20558542203988
7.670387613734307,7.84375,15.59456380906815
8.57046778857826,8.5625,10.20558542203988
9.68340388360337,10.875,4.622999962796491
9.869866594489304,11.4375,10.579871473376356
9.25991790798601,11.4375,10.579871473376356
9.798013640878974,10.875,4.622999962796491
9.586192048544362,10.875,4.622999962796491
9.924246669827362,11.4375,10.579871473376356
9.632608510329293,10.875,4.622999962796491
9.859575262478184,13.0625,9.745207701452461
9.697311598437846,10.78125,4.84640418225635
9.46501350308763,12.9375,5.460504830693098
10.002609859225617,10.875,4.622999962796491
9.09969729163826,8.96875,13.984768255592323
10.265813316663188,10.875,4.622999962796491
10.729443392833073,13.0625,9.745207701452461
7.484704396187486,6.5,9.876208959936925
10.116219213279916,10.78125,4.84640418225635
9.435239037097258,11.34375,10.803275692836216
9.566515937689573,8.5625,10.20558542203988
9.153294143142016,9.65625,5.555156062590655
9.691911293088921,12.9375,5.460504830693098
9.195800861308953,10.875,4.622999962796491
7.218923947727347,6.5,9.876208959936925
9.532330494095241,10.78125,4.84640418225635
9.6318529669509,10.8125,15.327793160695848
7.369084120875925,6.5,9.876208959936925
10.120957901357407,10.8125,15.327793160695848
8.995561849365139,8.5625,10.20558542203988
10.397254459929417,6.65625,9.949217945636065
9.822076891943933,10.78125,4.84640418225635
9.944800453288138,6.65625,9.949217945636065
9.093848763334623,8.5625,10.20558542203988
8.87524301689502,4.34375,6.372892233720105
10.014197132704584,10.875,4.622999962796491
8.406215254490444,8.96875,13.984768255592323
9.60707608795413,10.875,4.622999962796491
9.275539906199587,8.5625,10.20558542203988
7.727421163835286,9.375,10.2504950112734
8.75667538566504,8.5625,10.20558542203988
8.264478147341045,8.5625,8.385643944041608
9.637380078350263,11.4375,10.579871473376356
9.758771225272481,10.8125,15.327793160695848
8.500731692719025,6.53125,7.888036555298376
9.9354270817709,10.875,4.622999962796491
9.183060833973187,8.5625,10.20558542203988
9.81668746241883,10.78125,4.84640418225635
9.595140424447285,11.4375,10.579871473376356
9.1998931366502,11.4375,10.579871473376356
8.002514107029967,9.28125,10.473899230733261
7.5185849138789,6.5,8.227948061447966
9.877711201108044,11.34375,10.803275692836216
7.033464744609484,9.375,10.2504950112734
10.160645517073288,15.9375,7.589127434521232
9.338617936729584,10.875,4.622999962796491
9.572920578338802,10.875,4.622999962796491
9.906262255781883,11.4375,10.579871473376356
8.140148099395137,8.8125,4.293623500693535
9.49787838619086,10.875,4.622999962796491
7.2981627667499325,6.5,9.876208959936925
9.319690372517211,10.875,4.622999962796491
9.872122474970295,11.34375,10.803275692836216
8.364796491321144,8.5625,10.20558542203988
9.479282047334717,10.875,4.622999962796491
9.945113558097388,10.8125,15.327793160695848
10.0472043064839,9.96875,9.97107400042824
9.745268777523231,11.34375,10.803275692836216
7.7298607647986834,8.8125,4.293623500693535
7.820678850673414,5.6875,14.07941948748988
10.050969407938082,6.65625,9.949217945636065
9.887412174253225,11.34375,10.803275692836216
9.56207715841408,10.875,4.622999962796491
9.775700671215269,10.875,4.622999962796491
9.7966662834977,10.875,4.622999962796491
10.15972798191227,9.75,4.991840336981203
10.243005542857915,10.78125,4.84640418225635
11.025727280975495,13.0625,9.745207701452461
9.759720128570056,11.4375,10.579871473376356
10.230769414024964,13.0625,9.745207701452461
9.832556345710536,10.875,4.622999962796491
9.039571965955547,10.875,4.622999962796491
7.144092808610058,7.84375,15.59456380906815
9.58796480325935,11.34375,10.803275692836216
10.815050942414967,13.0625,9.745207701452461
7.303758992970394,8.8125,4.293623500693535
9.883044813446636,10.78125,4.84640418225635
9.277375850662454,8.5625,10.20558542203988
9.990833403948656,10.78125,4.84640418225635
7.887032410536733,7.59375,5.225779600487699
8.855039574798598,9.65625,5.555156062590655
8.106622946393248,4.65625,9.39643726407325
9.31025137076557,8.5625,10.20558542203988
9.843757795099908,11.34375,10.803275692836216
6.618848849673369,6.90625,13.655391793489368
9.965607887111466,10.875,4.622999962796491
9.280005083649566,10.875,4.622999962796491
10.31742353508886,6.65625,9.949217945636065
8.718275700298697,8.5625,10.20558542203988
8.009838529818039,8.75,14.998416698592894
9.710386579025304,10.78125,4.84640418225635
9.242667193091016,8.5625,10.20558542203988
5.568814395741786,4.4375,7.898571599345011
7.629280536286489,8.8125,4.293623500693535
10.36871960051998,10.78125,4.84640418225635
8.049779224299929,9.375,10.2504950112734
9.722143215309575,10.875,4.622999962796491
9.195779156222638,8.5625,10.20558542203988
8.099581091536198,9.375,10.2504950112734
10.353179783531054,10.0,9.631162494278648
10.494382692666008,13.0625,9.745207701452461
9.946031884927628,8.5,10.428989641499738
9.616670315878313,13.03125,10.085119207602052
7.829079278252505,9.375,10.2504950112734
9.551783318441753,12.9375,5.460504830693098
9.628587628304796,11.34375,10.803275692836216
6.781841213241664,6.5,9.876208959936925
9.836250027826487,11.4375,10.579871473376356
6.7330668760395005,6.5,9.876208959936925
10.723986171240462,13.75,6.073983112942961
7.636316728476461,8.71875,4.517027720153394
7.024058636333228,6.4375,10.099613179396783
9.536070353960923,10.875,4.622999962796491
9.326850993368051,8.5,10.428989641499738
10.709682902111073,10.8125,15.327793160695848
7.16226476285018,6.5,9.876208959936925
10.288478854475953,10.78125,4.84640418225635
9.135631047157759,8.5625,10.20558542203988
8.79717487298142,8.5625,10.20558542203988
7.597805383756611,9.375,10.2504950112734
9.182055009025405,10.875,4.622999962796491
9.494428267191509,11.4375,10.579871473376356
8.545746587626404,8.5625,10.20558542203988
10.697494010898701,13.0625,9.745207701452461
7.115951216730743,6.4375,10.099613179396783
9.633024856904488,7.625,6.278241001822549
9.507325463990028,11.34375,10.803275692836216
10.845518231229933,13.0625,9.745207701452461
7.198107276186644,6.5,9.876208959936925
8.100141694321202,9.03125,9.002976431640294
9.516888894402538,11.34375,10.803275692836216
9.847612121313643,10.78125,4.84640418225635
8.758373787395238,8.5625,10.20558542203988
9.25143236347852,11.4375,10.579871473376356
8.526280080461522,8.5625,10.20558542203988
9.441960247873395,10.875,4.622999962796491
9.753145879073335,12.9375,5.460504830693098
9.54450834959204,10.875,4.622999962796491
7.332315827779663,7.84375,15.59456380906815
10.201712008115674,13.03125,4.897189105083646
9.550273423650822,11.4375,10.579871473376356
9.786097756775714,8.5,10.428989641499738
9.443469467805594,10.78125,4.84640418225635
7.732833956408815,5.6875,14.07941948748988
9.052380089798685,8.5,10.428989641499738
9.39963311529357,10.8125,15.327793160695848
6.480973503008361,6.5,9.876208959936925
9.333611009332548,8.5625,10.20558542203988
8.79446595321527,8.5625,10.20558542203988
8.63521616185831,8.0625,17.43234097994598
9.63603272096899,11.4375,10.579871473376356
9.79297160501973,13.6875,6.413894619092552
9.391359478123793,8.5625,10.20558542203988
9.38754539279466,11.34375,10.803275692836216
8.684861237243073,8.5625,10.20558542203988
9.148856844380706,11.34375,17.337689748048426
9.240650697433775,11.4375,10.579871473376356
9.451444759734283,11.4375,10.579871473376356
8.876995446443734,6.53125,7.888036555298376
9.302831240579625,11.4375,10.579871473376356
9.389547987478638,9.75,10.17977043949961
8.37792287441033,6.53125,7.888036555298376
9.606475391121643,10.875,4.622999962796491
9.542271004909336,10.875,4.622999962796491
9.895697051021427,10.875,4.622999962796491
9.165622463180684,9.65625,5.555156062590655
9.38531490570634,8.5,10.428989641499738
9.669672883026283,6.65625,9.949217945636065
9.786467979582913,11.4375,10.579871473376356
6.71575052669557,6.5,9.876208959936925
7.235949482630529,8.71875,4.517027720153394
9.84067042380553,10.78125,4.84640418225635
10.685965595725452,7.40625,6.0545891376667065
9.111439301659177,8.96875,9.226380651100154
7.39861295261217,8.8125,4.293623500693535
9.30083875698855,11.34375,17.337689748048426
9.209675835341546,10.875,4.622999962796491
9.527188830960077,8.5,10.428989641499738
7.0062707119058505,6.4375,10.099613179396783
8.951530389810237,8.5,10.428989641499738
7.504445067916795,8.8125,4.293623500693535
9.632427596841431,11.34375,10.803275692836216
9.714822551306256,8.5,10.428989641499738
7.356777505923573,8.8125,4.293623500693535
7.959986598525949,8.8125,4.293623500693535
8.439323191918213,8.8125,4.293623500693535
10.084245358853794,11.4375,10.579871473376356
7.283220021626972,6.4375,10.099613179396783
8.975513351196936,8.5,10.428989641499738
9.547211293075616,8.5,10.428989641499738
8.79043191475347,11.0,9.415831239349505
9.454957553514529,8.5625,10.20558542203988
13.610147189070286,10.09375,11.907727834838806
8.851342132107119,9.8125,7.793385323400819
7.824038238755278,8.8125,4.293623500693535
10.49064718240639,8.6875,7.8223282184321565
7.392539851386784,9.375,10.414761337427892
4.634590144948742,11.53125,12.269817165155754
7.917801512487842,9.375,10.414761337427892
4.942900133656365,6.6875,7.401503706425402
9.536070353960923,10.875,4.622999962796491
8.930863615217444,7.375,8.894470203836313
6.955542619811061,6.59375,7.832863262478793
7.587634488974311,7.1875,4.385042893429154
8.292484086507214,8.96875,13.984768255592323
10.070641805960872,6.78125,12.002379066736362
10.290803226988448,5.375,7.916979450329713
3.675405364897915,6.5625,5.340322316087711
7.596621981512145,9.28125,10.978077063037343
10.33865977278977,10.0625,12.247639340988396
11.136661580744386,10.0,12.131132054298664
6.075484056334714,10.0625,7.083448255067985
3.9436055056267847,9.15625,8.916895672699653
7.103886667489464,6.59375,7.832863262478793
10.644240309882676,8.6875,7.8223282184321565
9.576476578580488,10.8125,15.327793160695848
8.502458894935973,8.625,8.162239724581749
5.790952111216727,9.96875,7.306852474527845
9.048335003140679,9.65625,5.555156062590655
8.332209253029713,5.34375,8.256890956479305
5.098571556216074,8.1875,12.58787261651317
10.446108716951922,10.0625,12.247639340988396
9.94661948040175,7.625,6.278241001822549
11.382137591736198,8.6875,7.8223282184321565
6.273373421582324,9.96875,7.306852474527845
9.39648597155274,9.34375,9.339033732441063
4.584564063637212,7.375,8.019056672973939
7.92385930584723,6.5,17.26233167668019
10.402793927834937,0.75,14.562313710258607
8.360522827267069,8.96875,13.984768255592323
2.692208755931137,8.0625,10.526691226175481
3.150531763966149,8.71875,6.855466637665982
2.9558220345721784,8.0625,10.526691226175481
6.509977389927989,5.8125,15.769365179269279
2.687560372965736,8.0625,10.526691226175481
8.601167050939935,12.90625,10.091559074057168
8.300899512312096,4.84375,5.447791694114658
9.85527770070981,11.34375,10.803275692836216
3.610671321669785,8.71875,6.855466637665982
5.901203379066764,10.0625,7.083448255067985
11.839620233831925,9.65625,13.793273723032424
8.924785345791921,8.5,10.428989641499738
4.3118409902749555,8.1875,12.58787261651317
9.374334750805417,15.1875,11.600263529180323
9.869743409433735,10.875,4.622999962796491
4.082720155243451,9.15625,8.916895672699653
5.179428721939231,6.6875,7.401503706425402
7.947787955226542,6.75,12.342290572885954
4.1136531721503715,6.5625,5.340322316087711
7.811942929054026,5.25,8.480295175939165
5.985238662800519,9.28125,10.978077063037343
9.560592258300133,10.875,4.622999962796491
4.666311757291738,8.9375,8.693243808543812
6.509793862013196,8.9375,8.353332302394222
11.02136564090161,8.6875,7.8223282184321565
7.982268396219268,3.5,3.810637997777479
8.629092995873513,7.4375,8.671065984376455
8.882103963923065,8.5625,8.385643944041608
8.629017689429393,8.75,11.679746217436803
4.544072726580737,4.5,10.175136939905167
9.287777542621296,8.625,8.162239724581749
9.840187298039526,11.34375,10.803275692836216
5.006504056038592,9.28125,10.978077063037343
8.036681167327849,8.71875,4.517027720153394
6.860906011676034,5.3125,8.565093741733358
6.053280210554917,9.28125,10.978077063037343
6.747796263392429,0.9375,8.990263295061853
9.716512714115561,11.34375,17.337689748048426
9.775567732467053,6.78125,12.002379066736362
11.155220903643134,6.375,13.404913677675545
7.508970344550885,9.84375,10.409862170110566
5.0543532775799465,8.0625,10.18677972002589
8.32568839205515,7.1875,4.556723472938468
8.03669236096898,7.5,10.08023806331163
3.568829396039045,6.5625,5.340322316087711
7.88138222526476,7.9375,9.641697538325285
6.0323316102706315,9.28125,10.978077063037343
7.181511040450616,7.25,4.1616386739692945
3.571670307520302,9.15625,8.916895672699653
7.651792792362979,9.28125,17.00831328594547
6.03887668855965,5.8125,15.769365179269279
9.71360307206872,11.34375,10.803275692836216
7.492387140255301,6.5,9.876208959936925
10.06052510633204,7.40625,6.0545891376667065
9.136108236230292,8.5625,10.20558542203988
7.809133396923846,2.8125,7.481862586286978
9.59568217439434,11.4375,10.579871473376356
3.3236643804654715,8.71875,6.855466637665982
5.71413615268434,9.28125,10.978077063037343
6.248030181005154,10.0625,7.083448255067985
10.06856999577669,8.875,13.740927607774491
8.874076150722342,5.25,8.480295175939165
3.234401953955988,8.71875,6.855466637665982
9.292789049613702,10.65625,8.799818971938757
5.642177153709593,9.375,10.754672843577485
5.6499691957723615,8.75,6.515555131516391
9.8347380236974,12.9375,13.698622491134866
9.312202231973874,8.5625,10.20558542203988
9.643686774663093,10.78125,4.84640418225635
9.90703058182788,10.78125,4.84640418225635
10.86525948234106,12.9375,5.120593324543506
9.566536881766716,12.9375,5.460504830693098
9.132183887826448,8.5625,10.20558542203988
9.121999593825809,12.9375,16.84293748227412
8.804226707285357,8.5625,8.385643944041608
10.4944497168813,8.59375,8.045732437892017
9.316243060512402,11.4375,10.579871473376356
8.381021796387264,6.53125,7.888036555298376
9.642985969159657,10.875,4.622999962796491
9.52340800157148,10.875,4.622999962796491
10.07142238734706,10.78125,4.84640418225635
9.427801444687447,11.4375,10.579871473376356
10.281540125961687,13.03125,4.897189105083646
10.871345819614916,13.03125,4.897189105083646
9.427394430478522,11.4375,10.579871473376356
9.963159414767052,10.78125,4.84640418225635
9.428890881275024,10.875,4.622999962796491
9.240246490219393,11.4375,10.579871473376356
9.798187181805462,11.4375,10.579871473376356
9.143113573712004,10.875,4.622999962796491
7.112287958408629,9.375,10.2504950112734
10.317269902325524,10.0,9.631162494278648
9.246119045510497,10.875,4.622999962796491
7.891292279187425,11.125,15.499912577170594
10.193920249689597,11.4375,10.579871473376356
10.177628776058723,10.875,4.622999962796491
9.49962433679743,10.875,4.622999962796491
8.997197576314443,10.875,4.622999962796491
6.982279521798127,8.8125,4.293623500693535
9.920018061564672,8.5625,10.20558542203988
10.709357385169248,7.96875,11.80175559219571
8.599977722222732,8.5625,10.20558542203988
8.171701554858112,5.25,8.480295175939165
7.487191977110672,8.53125,6.193877169275646
8.176806777094907,7.375,7.679145166824348
6.439814542004949,6.5,9.876208959936925
6.497481437923527,6.5,9.876208959936925
9.834907585618716,9.78125,9.839858933350017
7.16862839239866,8.875,8.57673652185408
9.568611927872807,6.6875,10.065725232325796
9.978694265707981,10.875,4.622999962796491
8.819290069832618,8.5,10.428989641499738
7.623033707588343,9.28125,10.473899230733261
7.123078368141387,8.8125,4.293623500693535
6.4377261380639705,6.5,9.876208959936925
6.315879201280481,7.375,8.019056672973939
9.165439967636743,7.5,15.422444392593405
3.1171601305879815,8.8125,4.293623500693535
6.527392771787838,6.5,9.876208959936925
4.624067846183651,4.4375,15.308399185419594
6.104039803030161,6.75,7.178099486965541
6.496740391363826,6.5,9.876208959936925
10.06982674964985,8.09375,10.558015418584182
10.317479504948867,6.65625,9.949217945636065
9.818372067186912,9.15625,15.822545426470153
11.568868465611533,7.34375,6.277993357126566
4.9910950610426745,8.9375,8.693243808543812
9.151297826670605,10.78125,4.84640418225635
6.74434522299501,6.6875,7.401503706425402
10.570797333657902,12.9375,5.120593324543506
2.5534115972588243,8.8125,4.293623500693535
8.165403219554317,7.1875,4.556723472938468
8.761247937787449,7.28125,3.8217271678197022
7.633015702892337,8.71875,4.517027720153394
9.015861048786745,7.21875,4.045131387279562
7.377296177420222,7.8125,10.080485708007611
8.685556138558432,10.4375,6.508545850990109
9.87122413951407,9.6875,5.215244556441062
7.023643393403276,8.8125,4.293623500693535
7.898398930294813,6.03125,10.228638956481225
8.876169918369847,7.3125,6.6179048632761575
11.062372251097866,8.59375,8.045732437892017
3.3593721580638096,8.71875,6.855466637665982
3.6855792139626624,6.53125,7.888036555298376
6.842423825621759,8.8125,4.293623500693535
7.665728147728519,11.0,9.415831239349505
8.150278039078842,11.65625,6.084518156989597
3.7085516573134027,6.53125,7.888036555298376
7.576312087389133,8.75,14.998416698592894
5.220160020863067,8.9375,8.693243808543812
8.02721944003649,8.75,14.998416698592894
6.7885968982398115,8.8125,4.293623500693535
4.788868552005384,6.71875,9.725813726176206
9.447027043056778,10.875,4.622999962796491
7.095984934095199,9.375,10.2504950112734
8.880299279022402,6.53125,7.888036555298376
9.039536824962376,5.8125,16.14060087782757
8.137640070520167,11.0,9.415831239349505
5.374017394072584,8.15625,10.334611199124321
7.079688767376153,6.5,9.876208959936925
8.744159167022783,8.5625,10.20558542203988
9.466434712737094,11.6875,5.744606650840005
11.118256083828104,10.875,4.622999962796491
6.495258298244424,6.5,9.876208959936925
10.253626808181945,6.90625,13.188146926211676
7.898753606820069,11.0,9.415831239349505
3.346307913054783,4.65625,9.39643726407325
0.458873442691595,6.09375,10.345146243170957
6.2711039899704035,7.5,10.08023806331163
6.4094000085445835,7.375,8.019056672973939
6.468984829309556,6.5,9.876208959936925
4.896860752273019,6.75,7.178099486965541
9.748962057919783,6.65625,9.949217945636065
7.137495092121032,8.8125,4.293623500693535
8.518384881408274,6.53125,7.888036555298376
7.539816006169815,8.8125,4.293623500693535
8.297475631374422,3.25,7.811007207686617
4.603520646119205,4.4375,15.308399185419594
7.417155646141257,8.375,6.1791693888871535
9.976677407757254,11.34375,10.803275692836216
7.92757298481975,8.5,6.06934961334852
9.661579501021254,10.875,4.622999962796491
7.8326783379935865,8.8125,4.293623500693535
8.694584297966033,12.625,8.02369017256838
10.175789709518856,8.96875,13.517523388314633
9.637963312787218,10.78125,4.84640418225635
6.96221237663424,6.71875,7.061592200275809
10.631616592966456,10.46875,6.168634344840518
7.807460632995895,4.4375,16.932955214577234
7.849246499104048,7.84375,15.59456380906815
9.14922320928415,9.78125,9.839858933350017
9.055268884334058,9.375,10.414761337427892
6.53603475711977,8.8125,4.293623500693535
7.449155383946543,8.375,6.1791693888871535
9.028095748945146,3.6875,5.64841516865531
10.293996000829383,10.875,4.622999962796491
4.391354259744641,10.875,4.622999962796491
6.244043514505658,6.5,9.876208959936925
9.312063445635905,11.4375,10.579871473376356
8.443486797212636,9.75,10.17977043949961
3.187260592656446,6.5625,5.340322316087711
7.254777859072869,6.5,9.876208959936925
8.11494521238183,1.4375,3.141350029524933
4.91685566933441,8.9375,8.693243808543812
8.192473897896221,8.75,11.679746217436803
10.16302339137264,5.375,7.916979450329713
5.143829854102343,6.71875,9.725813726176206
6.691193995289184,6.4375,10.099613179396783
10.531786064999999,13.0625,9.745207701452461
6.94849078533546,8.71875,4.517027720153394
5.251618444604362,6.71875,9.725813726176206
5.467287358625525,9.375,10.754672843577485
8.88901581431361,8.5,10.428989641499738
8.402043366378939,7.6875,4.662463874878247
9.801398827018517,10.0625,6.743536748918393
6.717189597293306,7.375,8.019056672973939
8.384457557709517,6.53125,7.888036555298376
7.028758658363951,6.5,9.876208959936925
6.240405649576215,6.5,9.876208959936925
6.348463711554488,6.5,9.876208959936925
6.977046332914895,8.6875,8.247038290375942
8.071806948258153,8.96875,9.226380651100154
2.4425240847798744,8.8125,4.293623500693535
9.582977727360397,10.4375,6.508545850990109
6.536733258080499,5.4375,15.09306793049045
8.60578565009932,7.59375,9.516922337702178
7.713371887867036,10.875,5.131128368590142
12.689887892655705,10.09375,11.907727834838806
6.390164422504956,6.5,9.876208959936925
8.811332198309167,7.21875,4.045131387279562
6.0341252345029766,6.5,9.876208959936925
11.405925422484799,8.03125,11.578351372735849
8.907301477917683,7.28125,3.8217271678197022
6.43018093672883,6.5,9.876208959936925
4.554588168898382,7.375,8.019056672973939
10.002674003218608,8.75,11.679746217436803
8.298940649184125,8.5,10.428989641499738
4.962229323443966,6.3125,8.038431789059093
8.824250241369707,6.53125,7.71635597578906
6.289456982753544,6.90625,8.897004188997197
7.064463987376692,7.84375,15.59456380906815
8.935861506819279,8.8125,4.293623500693535
7.776394995354958,3.5,3.810637997777479
4.5934898978283565,8.9375,8.693243808543812
6.720016407532904,8.8125,4.293623500693535
8.221479983048892,6.625,7.492951756329201
6.64333287444657,6.5,9.876208959936925
7.110034242262188,6.4375,10.099613179396783
10.15173187342778,8.09375,10.558015418584182
5.3705111837986514,6.46875,12.09814059075978
7.816874455082288,11.65625,6.084518156989597
9.219035276053237,8.5625,10.20558542203988
12.742807154695665,7.375,8.554558697686723
9.96414348437044,5.03125,2.7016676452106063
7.639259986279249,5.6875,14.07941948748988
4.6533494649458556,7.375,8.019056672973939
10.157564771591199,7.34375,6.277993357126566
8.837957320929622,8.03125,11.578351372735849
7.281527596179354,8.8125,4.293623500693535
7.672356704353911,5.25,8.480295175939165
9.480737174514008,7.375,8.894470203836313
8.669183421842988,10.875,4.622999962796491
7.383185710596569,8.8125,4.293623500693535
2.363086440509118,7.1875,4.556723472938468
6.943905077150952,6.4375,10.099613179396783
10.724102294508176,5.3125,8.225182235583766
6.877570955181267,6.5,9.876208959936925
8.668983642768747,10.4375,6.508545850990109
8.019241640119482,6.625,7.492951756329201
5.731255949438647,6.6875,7.401503706425402
8.234999800766804,6.0,4.5856663679698055
3.0145126892951284,6.125,10.005234737021366
6.486191326949289,9.96875,7.306852474527845
8.936903333502377,10.875,4.622999962796491
8.938885971726453,4.0,3.9163783997172583
8.315793369203273,8.96875,13.984768255592323
4.6450263176621345,8.9375,8.693243808543812
10.375685779845647,12.9375,5.120593324543506
8.301059806682133,8.96875,9.226380651100154
8.817219945418621,7.375,7.679145166824348
4.544346690388442,10.875,4.622999962796491
3.4208908564111438,6.53125,7.888036555298376
5.213488230714272,6.71875,9.725813726176206
9.638680856262408,6.65625,9.949217945636065
6.367865657844851,6.5,9.876208959936925
4.954803496810927,8.71875,6.855466637665982
11.480596061124906,8.96875,13.517523388314633
7.758622151800741,6.5,9.876208959936925
8.676813378129104,8.03125,11.578351372735849
8.401756400663519,6.625,7.492951756329201
4.963995351790213,10.875,4.622999962796491
8.419786093008193,6.6875,11.350369755333848
6.1553997717305,2.25,6.3834272777667405
9.038817236577477,13.0,5.237100611233238
9.708665144507908,3.5,3.4707264916278877
9.014708529182847,8.5625,10.20558542203988
7.276707043414104,8.71875,4.517027720153394
9.180982337327222,9.65625,5.555156062590655
8.538613118004559,8.96875,9.226380651100154
6.706331739316197,7.59375,5.225779600487699
6.763590020503463,9.875,11.365538298974922
7.046880615142102,6.5,9.876208959936925
7.312542056667855,6.4375,10.099613179396783
8.631460055428363,9.4375,8.348433135076895
10.563805399687068,8.15625,10.334611199124321
9.186553611786259,6.53125,7.888036555298376
11.409067043747996,13.75,6.073983112942961
2.4910289505057817,8.8125,4.293623500693535
5.0992637647479,6.6875,7.401503706425402
7.16812857445327,6.5,9.876208959936925
10.821151195047447,7.4375,8.671065984376455
6.816249953403054,3.875,4.479694125326711
7.906486197575685,8.96875,9.226380651100154
8.297904612981007,8.75,11.679746217436803
8.740818885661428,6.625,7.492951756329201
7.252020469529425,8.8125,4.293623500693535
7.952646307792542,8.8125,4.293623500693535
7.029418132050986,6.5,9.876208959936925
5.014373875258552,7.375,8.019056672973939
9.761852823995476,10.78125,4.84640418225635
10.959473528000569,3.03125,8.979728251015217
7.47028803061679,7.84375,15.59456380906815
8.758940842439582,6.625,7.492951756329201
6.5434263246250115,6.5,9.876208959936925
7.962735780787517,5.3125,8.565093741733358
7.374072150181189,6.5,9.876208959936925
9.391418416917594,10.65625,8.799818971938757
9.345826298719407,10.875,4.622999962796491
8.632049462722104,9.75,10.17977043949961
7.516448536863106,7.1875,4.556723472938468
7.8112901434595585,7.625,4.885868094338107
9.947375199330985,8.875,13.740927607774491
4.820654352311361,8.9375,8.693243808543812
5.1311725780198545,8.71875,6.855466637665982
6.617396244857022,6.5,9.876208959936925
2.0408285405771727,7.6875,4.662463874878247
7.246417385714576,9.375,10.2504950112734
7.873017486559178,8.8125,4.293623500693535
7.808332781575411,9.375,10.2504950112734
8.778863229782836,10.0625,12.247639340988396
8.72093933236587,8.03125,11.578351372735849
3.664425703076641,6.53125,7.888036555298376
9.316479148526778,8.5,10.428989641499738
8.609735711858736,6.53125,7.888036555298376
9.86145377377899,12.625,7.683778666418789
7.401726079592707,8.8125,4.293623500693535
10.296951794327555,8.3125,2.6070164133130493
7.422784334787691,10.9375,4.907724149130282
6.690827222136523,6.5,9.876208959936925
9.832988324257208,12.0625,11.585094985539246
6.647981257411969,6.5,9.876208959936925
11.489194832560505,10.0,12.131132054298664
6.417832590177829,7.65625,5.002375381027839
9.867216171211197,10.78125,4.84640418225635
7.278519261805176,6.6875,7.401503706425402
10.363087988330722,12.9375,5.120593324543506
2.4949993201013205,7.84375,15.59456380906815
7.049445287254696,8.8125,4.293623500693535
8.050605122920512,4.3125,6.712803739869696
7.391830530490958,6.8125,13.751462651821129
5.87186372895685,9.96875,7.306852474527845
5.511261560364621,8.75,6.515555131516391
9.386076508635988,8.03125,11.578351372735849
8.934738570895572,9.65625,5.555156062590655
6.137669649253979,6.5,9.876208959936925
7.123805731882721,10.9375,4.907724149130282
7.398933549056088,6.03125,10.228638956481225
7.8952930221611615,8.71875,4.517027720153394
10.79769231666465,12.9375,5.120593324543506
7.606001187397768,8.71875,4.517027720153394
8.138144364231678,8.8125,4.293623500693535
9.93087880747645,10.78125,4.84640418225635
8.37393190595484,8.8125,4.293623500693535
8.184684267370669,5.28125,5.94861689502361
2.4178000768334726,8.8125,4.293623500693535
10.42163094509471,10.46875,6.168634344840518
8.79644343185254,9.4375,8.008521628927303
8.939331917382528,11.0,9.415831239349505
8.068961570250522,7.5,10.08023806331163
7.51839302380754,8.8125,4.293623500693535
7.012719901378718,7.1875,4.385042893429154
9.639826110036491,6.65625,9.949217945636065
10.343647203586698,8.15625,10.334611199124321
5.757760593268924,8.75,6.515555131516391
9.9604233681881,10.875,4.622999962796491
9.949939221333324,8.5,10.428989641499738
10.91323698612707,10.09375,11.907727834838806
5.10812488349855,6.71875,9.725813726176206
7.926419752265186,4.25,13.29894143503245
4.7411361728049455,6.6875,7.401503706425402
10.761176041958201,13.75,6.073983112942961
8.684193794973892,7.21875,4.216811966788876
3.0911059550633873,6.6875,10.065725232325796
9.527196853228027,12.9375,5.460504830693098
9.672334856986947,6.71875,9.725813726176206
9.253195478756735,10.875,4.622999962796491
7.3554463995312735,10.875,5.131128368590142
8.524650093231205,6.53125,7.888036555298376
8.797031727906539,4.34375,6.372892233720105
6.5681236512628995,6.90625,13.655391793489368
6.700016109534561,2.78125,10.847877283294707
8.556720869779108,8.96875,9.226380651100154
7.818631216466675,10.59375,7.354402204315833
7.665971305325737,7.65625,5.002375381027839
7.263001432186818,8.8125,4.293623500693535
6.279479013633194,6.5,9.876208959936925
3.6070297847927413,6.5625,5.340322316087711
9.482785854906263,5.03125,2.7016676452106063
6.665734750332195,7.375,8.019056672973939
8.683711922821566,8.9375,7.277604697407392
8.465465626055256,9.4375,8.348433135076895
7.64543258196039,6.03125,10.228638956481225
9.532479016387889,9.78125,9.839858933350017
2.9866765186033817,8.0625,10.526691226175481
9.337056925058562,11.4375,10.579871473376356
9.659051924759815,7.3125,6.6179048632761575
9.996643778659895,6.71875,9.725813726176206
8.825056761437061,4.34375,6.372892233720105
6.562924599496894,2.96875,2.712202689257242
8.23380673830222,8.8125,4.293623500693535
8.96538728044603,7.21875,4.216811966788876
4.677736633546939,7.375,8.019056672973939
6.4020818548245515,6.90625,8.897004188997197
5.771136694339963,5.125,4.227347010835512
8.892829702668262,6.53125,7.888036555298376
7.595268767780612,5.6875,14.07941948748988
10.126677826533864,9.78125,9.839858933350017
10.340654487932493,12.9375,5.120593324543506
9.221564807172655,5.8125,16.14060087782757
8.647581754877182,6.625,7.492951756329201
5.499913653489259,5.125,4.227347010835512
8.400611146889434,6.625,7.492951756329201
8.00198049505373,11.125,15.499912577170594
9.036596229034187,11.4375,10.579871473376356
9.817854582211968,9.6875,5.215244556441062
7.17973005293584,6.5,9.876208959936925
3.2066491988962618,8.71875,6.855466637665982
4.891585654235848,4.4375,15.308399185419594
6.323752076520839,2.25,6.3834272777667405
6.273618009024648,6.5,9.876208959936925
6.575028091637373,5.15625,3.8874355046859206
9.325079288116317,5.90625,15.917196658367711
12.262708233855829,4.4375,17.80836874543961
0.49806848662503,5.8125,15.265187346965195
4.517586620982677,6.6875,11.690281261483438
6.789566245332055,5.3125,8.565093741733358
7.562774766702187,10.9375,4.907724149130282
11.226074491905862,5.3125,8.225182235583766
10.738731226230255,12.9375,5.120593324543506
7.875753103274969,9.71875,5.331751843130794
8.512119669585346,6.53125,7.888036555298376
6.9090155091038525,3.875,4.479694125326711
5.603292945199758,6.875,13.528058432361268
6.722511658949342,7.375,8.019056672973939
5.178121605614224,6.75,7.178099486965541
7.167318139039027,6.75,7.178099486965541
3.9109936100084317,6.5625,5.340322316087711
6.715733307177782,7.65625,5.002375381027839
8.90333822528915,4.34375,6.372892233720105
6.396720644156994,7.375,8.019056672973939
9.54912212779579,12.625,7.683778666418789
6.420716951311202,8.28125,12.02455689090372
9.063171911288187,8.15625,10.334611199124321
9.247650228704888,2.8125,7.141951080137387
7.495353212587733,8.8125,4.293623500693535
6.940627280624948,6.5,9.876208959936925
6.605304741480601,4.5625,9.959752989682702
8.146566912649991,6.625,7.492951756329201
5.833384605354876,5.125,4.227347010835512
9.513683349156738,3.6875,5.64841516865531
6.725338469188941,8.8125,4.293623500693535
7.391332888074062,7.84375,15.59456380906815
5.200150898798072,6.75,7.178099486965541
9.037298303672063,9.4375,8.348433135076895
7.2583071862561,8.6875,8.247038290375942
10.7173372548114,8.6875,7.8223282184321565
10.172291146360017,9.6875,5.215244556441062
9.849496022694371,9.15625,15.822545426470153
10.81222114826052,8.59375,8.045732437892017
8.840577697891977,5.125,13.261730626067736
3.4857542804274253,8.71875,6.855466637665982
6.915731016188923,6.59375,7.832863262478793
5.707174180217116,6.71875,9.725813726176206
9.23398442678187,1.65625,4.979127200402763
8.251735998928442,7.71875,9.510482471247062
7.414307961688159,2.28125,6.04351577161715
9.246594105968718,5.03125,2.7016676452106063
5.804051558726904,7.40625,6.0545891376667065
5.363143707870654,6.6875,7.401503706425402
10.340220346910769,13.03125,4.897189105083646
6.7807169629074595,7.375,7.679145166824348
7.686745328597879,8.8125,4.293623500693535
7.220218500652108,7.84375,15.59456380906815
6.218578459999555,6.5,9.876208959936925
3.063357741397641,8.71875,6.855466637665982
8.931407611504106,9.71875,5.331751843130794
3.001918244811492,8.71875,6.855466637665982
6.2392603958021295,6.5,9.876208959936925
6.882566084786996,7.59375,5.225779600487699
6.231197789867334,7.375,8.019056672973939
9.420042042920471,9.78125,9.839858933350017
5.538705239603871,8.84375,8.916648028003673
8.288418748333857,6.6875,11.350369755333848
9.952062692716693,10.46875,6.168634344840518
9.426869845203111,10.875,4.622999962796491
8.690629823208926,6.625,7.492951756329201
10.020634000229702,8.09375,10.558015418584182
4.9349471576323785,7.375,8.019056672973939
8.027791415605979,8.71875,4.517027720153394
6.849352351505563,9.4375,8.348433135076895
8.352482997332551,7.5625,9.856833843851769
8.544405466666586,7.21875,4.216811966788876
7.364385214894347,8.875,8.57673652185408
8.309060990753473,7.375,8.894470203836313
7.981378741616556,10.0,6.966940968378253
10.981550546669368,13.75,6.073983112942961
8.140962520348285,5.28125,5.94861689502361
10.978056459105723,6.0625,4.245754861820214
6.639110237048406,7.375,8.019056672973939
8.858400867951321,8.5625,10.20558542203988
6.504285592698967,6.5,9.876208959936925
6.539721091826506,6.5,9.876208959936925
8.69626762973957,10.4375,6.508545850990109
6.394475966125038,6.5,9.876208959936925
5.6567087896732815,8.75,6.515555131516391
9.040645158772396,8.5625,10.20558542203988
7.009091933685502,8.8125,4.293623500693535
9.2714512065704,9.34375,9.339033732441063
10.002483937006419,7.34375,6.277993357126566
6.864478359524779,6.4375,10.099613179396783
7.095250745129884,6.5,9.876208959936925
11.49904440533062,8.71875,7.90712678422635
6.922452160981335,6.5,9.876208959936925
1.9777239066389676,4.46875,7.55866009319542
9.043566598623867,11.6875,5.744606650840005
9.24503081053792,7.28125,3.8217271678197022
6.585330960341905,7.5625,9.856833843851769
6.8036762539280975,6.0,17.102964517843027
8.637732236115863,6.6875,12.565694792345813
6.9616460557728415,6.5,9.876208959936925
7.3433597492973295,9.375,10.2504950112734
8.056639230568171,11.0,4.567812642980691
8.013653837017323,8.6875,10.150398102224079
9.28807365989455,9.6875,5.215244556441062
8.90136154190167,9.71875,5.331751843130794
8.3310764692335,3.3125,7.587602988226758
5.6515712436223255,11.125,13.815451547199782
7.880092707089408,11.0,9.415831239349505
